BEGIN;
SET session_replication_role = 'replica';

INSERT INTO "users" ("id", "email", "name", "bio", "is_active", "created_at") VALUES
  (1, 'ian.armstrong@fastmail.com', 'Greg Cook', 'Anim aliqua aperiam architecto officia incididunt consectetur exercitation culpa consectetur minim. Proident sunt proident magna culpa consequat amet non anim natus aute. Do aute doloremque dolor incididunt aliqua.', TRUE, '2025-03-17T12:22:11'),
  (2, 'john.myers@mail.com', 'Katelyn Hart', 'Elit enim velit dolor voluptas laborum duis reprehenderit aliquip nisi aliqua. Consectetur aute natus do duis esse deserunt aperiam consequat veniam. Aute sint accusantium exercitation excepteur laborum excepteur.', FALSE, '2024-10-16T12:40:28'),
  (3, 'jordan.stevens@protonmail.com', 'Duncan Weaver', 'Dolor exercitation aliquip enim sunt incididunt elit. Reprehenderit esse proident nostrud nulla doloremque irure culpa magna proident beatae doloremque. Excepteur officia sint fugiat sint architecto enim. Anim est enim ex ex minim sit.', TRUE, '2025-09-15T15:20:31'),
  (4, 'anthony.harrison@icloud.com', 'Alan Gonzalez', 'Natus labore occaecat laboris proident doloremque velit incididunt quis. Ex do tempor cupidatat esse rerum dolor. Totam cupidatat sit accusantium eiusmod elit occaecat accusantium tempor.', FALSE, '2025-09-24T15:36:35'),
  (5, 'christina.payne@hotmail.com', 'Edward Lee', 'Natus quis commodo irure vitae. Veniam irure nisi veniam architecto nostrud. Veritatis beatae architecto mollit duis duis veritatis esse rerum ipsum. Proident totam aute enim duis quasi sint aliqua velit aliquip. Doloremque voluptate culpa ipsum esse officia amet non rerum.', TRUE, '2024-06-17T06:19:45'),
  (6, 'hazel.diaz@tutanota.com', 'Gail Vargas', 'Pariatur veritatis aliquip laborum mollit officia occaecat qui commodo mollit. Magna irure lorem velit eiusmod magna deserunt sit labore.', FALSE, '2024-07-21T16:22:19'),
  (7, 'diego.vasquez@icloud.com', 'Amelia Fernandez', 'Non consectetur officia sunt nisi non velit consectetur ipsum. Lorem anim sit non accusantium esse pariatur vitae nulla consectetur non tempor. Dolore tempor labore anim dolore laborum inventore vitae voluptas.', TRUE, '2025-07-17T22:34:02'),
  (8, 'cecilia.hunt@fastmail.com', 'Emma Young', 'Fugiat quasi rerum amet laboris veritatis quasi anim non. Labore aliquip culpa duis excepteur ipsum velit proident aute natus. Culpa eiusmod quasi quasi lorem proident. Totam do adipiscing mollit quis sit cupidatat doloremque nulla excepteur ex fugiat.', TRUE, '2024-12-25T12:30:55'),
  (9, 'elizabeth.howard@live.com', 'Jill Fisher', 'Dolore minim ipsum consectetur commodo. Eiusmod tempor aliquip est mollit non. Mollit consequat esse elit officia labore velit consectetur dolore laborum. Officia occaecat deserunt irure excepteur inventore sint.', TRUE, '2024-08-12T13:01:43'),
  (10, 'johnny.crawford@hotmail.com', 'Amir Silva', 'Duis exercitation ullamco velit sit reprehenderit nulla sit doloremque doloremque officia. Beatae quis sint do beatae aliqua nulla.', FALSE, '2024-05-18T01:39:33'),
  (11, 'holly.sanders@duck.com', 'Harper Smith', 'Rerum dolor aute natus adipiscing commodo tempor consequat consequat. Occaecat quis voluptas exercitation eiusmod velit. Nisi qui sed sed aliquip aute rerum accusantium aliquip. Ex sint voluptas irure quis. Eiusmod laborum sint dolore natus doloremque velit voluptas.', FALSE, '2024-04-06T20:33:04'),
  (12, 'jack.peterson@outlook.com', 'Isaiah Wells', 'Vitae accusantium architecto consequat architecto quis exercitation vitae voluptas enim nulla nisi. Rerum beatae accusantium elit aliqua do consequat culpa consequat. Nisi est incididunt consequat occaecat laboris. Dolor nostrud deserunt occaecat velit totam excepteur adipiscing cupidatat commodo sit ipsum. Quasi incididunt irure ex exercitation elit pariatur culpa cillum sint.', TRUE, '2024-06-18T21:43:36'),
  (13, 'abigail.salazar@gmail.com', 'Jorge Arnold', 'Magna culpa vitae ex duis exercitation rerum. Exercitation amet aute fugiat proident sunt officia dolore. Duis aliquip deserunt deserunt inventore architecto est esse aliqua. Beatae fugiat minim duis doloremque.', FALSE, '2025-10-25T04:23:51'),
  (14, 'daniel.west@gmail.com', 'Jorge Gordon', 'Anim qui lorem aute tempor non sunt aliquip dolore quis dolor. Inventore veritatis eiusmod cupidatat nulla voluptas rerum. Labore pariatur natus minim amet culpa vitae mollit nisi mollit elit. Pariatur aliquip ex exercitation voluptas veritatis. Reprehenderit cupidatat cillum magna voluptas inventore ipsum ullamco.', FALSE, '2025-12-31T03:37:05'),
  (15, 'cheryl.arnold@tutanota.com', 'Eileen Garcia', 'Nostrud irure proident deserunt beatae architecto accusantium. Voluptate dolore sint accusantium totam adipiscing ipsum quasi consectetur dolore commodo excepteur.', FALSE, '2025-09-29T10:51:57'),
  (16, 'angela.roberts@icloud.com', 'Darren Gardner', 'Dolor labore occaecat voluptate excepteur pariatur rerum cillum. Ex consequat voluptate proident rerum occaecat. Enim voluptas lorem sed veniam dolor veritatis labore architecto excepteur qui voluptate. Rerum aliquip sit excepteur aperiam ex enim incididunt. Dolore aperiam reprehenderit do incididunt dolore aliqua cupidatat consectetur anim dolore.', FALSE, '2025-05-22T15:36:35'),
  (17, 'darren.gordon@hey.com', 'Diego Ortiz', 'Architecto cillum minim fugiat officia aute nostrud sed anim aliqua accusantium. Velit pariatur amet vitae labore. Non non vitae aute sint quis. Ipsum fugiat accusantium totam anim culpa beatae veniam architecto fugiat eiusmod exercitation.', TRUE, '2024-06-02T01:49:56'),
  (18, 'ken.armstrong@aol.com', 'Cheryl Gonzalez', 'Occaecat rerum occaecat duis totam accusantium cillum quis magna minim excepteur. Consequat sit vitae officia minim aute cupidatat quis tempor sit excepteur.', FALSE, '2025-11-09T13:46:52'),
  (19, 'blake.griffin@fastmail.com', 'Jill Scott', 'Veritatis occaecat deserunt anim excepteur consectetur ullamco laborum non lorem. Elit quasi deserunt lorem rerum architecto proident ullamco duis quasi voluptas.', TRUE, '2025-06-13T00:58:31'),
  (20, 'jesse.alvarado@duck.com', 'Cheryl Jones', 'Aute sed laborum tempor doloremque esse ipsum aliquip ipsum voluptate. Inventore enim sint aliqua non voluptas aperiam commodo. Ipsum veritatis ullamco deserunt incididunt aliquip beatae incididunt nulla aliqua nostrud aliquip. Aliqua veritatis excepteur sunt sunt adipiscing est. Tempor anim accusantium nulla reprehenderit sint.', TRUE, '2024-08-18T16:24:57');

SET session_replication_role = 'origin';
COMMIT;
BEGIN;
SET session_replication_role = 'replica';

INSERT INTO "posts" ("id", "user_id", "title", "slug", "body", "published_at") VALUES
  (1, 17, 'Pariatur reprehenderit officia commodo cillum laborum dolore rerum.', 'natus-qui-veritatis', 'Cupidatat quis do do incididunt accusantium. Nulla exercitation culpa nisi reprehenderit laborum qui aperiam labore.', '2024-05-01T11:01:57'),
  (2, 17, 'Tempor labore velit quasi aute duis magna.', 'excepteur-aperiam-sed', 'Qui excepteur dolore magna eiusmod labore exercitation tempor ex quasi aperiam. Eiusmod architecto aliqua aperiam eiusmod magna non rerum excepteur natus ullamco. Mollit labore veritatis mollit veritatis fugiat labore sed laborum culpa rerum. Nulla veniam dolore non totam voluptate tempor qui aliquip sed reprehenderit.', '2025-05-03T04:27:29'),
  (3, 9, 'Anim ullamco cupidatat voluptas minim.', 'dolore-tempor-fugiat', 'Esse doloremque consectetur occaecat accusantium nostrud veniam enim exercitation enim. Voluptate excepteur vitae quasi adipiscing. Nostrud exercitation reprehenderit elit sunt reprehenderit eiusmod accusantium adipiscing est. Consequat cillum veritatis sed natus laborum minim tempor adipiscing ex.', '2024-11-24T17:16:36'),
  (4, 1, 'Laboris mollit minim architecto quis ipsum reprehenderit mollit quasi minim quis.', 'reprehenderit-cupidatat-pariatur', 'Lorem enim minim non excepteur consequat. Mollit consequat do adipiscing excepteur doloremque ullamco. Culpa duis deserunt fugiat beatae minim exercitation laboris anim cupidatat.', '2025-10-13T11:45:42'),
  (5, 14, 'Minim adipiscing reprehenderit ex elit incididunt duis duis.', 'excepteur-labore-accusantium', 'Amet ullamco nulla doloremque lorem beatae anim beatae nisi. Vitae cillum ullamco anim non fugiat enim aute.', '2025-10-05T19:50:24'),
  (6, 5, 'Minim tempor ullamco architecto labore doloremque voluptas laboris minim deserunt magna.', 'aliqua-minim-tempor', 'Anim sint rerum minim fugiat magna dolor aliquip. Qui exercitation do tempor labore duis deserunt nisi sint aute anim duis. Fugiat qui laborum labore quasi duis magna non.', '2024-02-09T16:39:12'),
  (7, 10, 'Deserunt rerum beatae commodo accusantium sunt consequat sint beatae.', 'aperiam-anim-ex', 'Commodo accusantium veritatis excepteur labore minim minim inventore commodo excepteur. Vitae aliqua tempor labore do elit magna.', '2025-04-14T23:22:51'),
  (8, 16, 'Aliqua aliqua exercitation amet quis doloremque est.', 'dolore-sed-doloremque', 'Sed labore dolor irure amet veritatis. Voluptate inventore veritatis eiusmod sunt beatae eiusmod. Sit adipiscing totam voluptas nostrud sint fugiat. Cillum architecto anim enim reprehenderit officia minim.', '2024-02-09T18:55:32'),
  (9, 16, 'Magna cillum inventore eiusmod laboris consequat non voluptas incididunt dolor cillum.', 'rerum-laboris-totam', 'Laboris esse quis architecto labore. Cupidatat velit incididunt ullamco nulla laborum sunt veritatis. Quasi do aliqua ullamco natus.', '2025-06-13T04:02:26'),
  (10, 6, 'Duis culpa sunt officia occaecat.', 'pariatur-veritatis-doloremque', 'Sed accusantium dolor labore exercitation sed minim. Pariatur amet consectetur anim mollit minim minim excepteur anim culpa pariatur irure.', '2024-06-15T12:18:54'),
  (11, 15, 'Anim ullamco excepteur aliqua labore laborum doloremque.', 'voluptas-sunt-reprehenderit', 'Ullamco aute pariatur reprehenderit sed aliquip excepteur. Proident incididunt proident anim lorem tempor cillum fugiat magna ex.', '2025-03-06T06:26:56'),
  (12, 1, 'Consectetur dolor architecto laborum incididunt culpa doloremque culpa excepteur cillum doloremque minim.', 'consequat-velit-aliquip', 'Magna sunt veniam culpa ipsum dolor. Incididunt totam ullamco enim enim tempor officia commodo.', '2025-11-27T09:40:39'),
  (13, 16, 'Amet ullamco laboris esse aute sunt.', 'doloremque-anim-sed', 'Velit laboris accusantium natus consectetur elit totam beatae lorem enim velit beatae. Beatae voluptas officia irure vitae. Ex pariatur non do amet nisi lorem cillum laboris qui dolor sed. Dolor magna culpa fugiat reprehenderit consequat quis dolore commodo.', '2025-01-12T11:39:59'),
  (14, 1, 'Qui consequat laborum do accusantium adipiscing mollit aperiam esse aliqua magna inventore.', 'reprehenderit-non-aperiam', 'Qui doloremque sit nisi voluptas proident irure elit. Ipsum aliqua enim do magna do aliqua accusantium inventore. Esse quis laborum magna culpa ex consectetur pariatur quis natus.', '2024-01-30T08:15:51'),
  (15, 10, 'Excepteur beatae consectetur deserunt pariatur voluptas incididunt qui veritatis.', 'magna-architecto-est', 'Exercitation nostrud labore culpa anim sunt anim est. Excepteur enim voluptas laborum dolore magna dolore ullamco ipsum sunt. Nostrud aliquip aute laborum duis consequat nisi tempor anim.', '2024-05-23T11:09:28'),
  (16, 12, 'Aperiam beatae ex ex inventore quasi aliqua velit inventore incididunt non veniam.', 'inventore-lorem-consequat', 'Duis excepteur ex excepteur eiusmod labore nostrud eiusmod enim aliqua non magna. Sunt sed anim adipiscing voluptas. Cillum aliqua adipiscing ex quis aute officia irure beatae cillum vitae. Irure fugiat sit duis irure rerum ullamco. Irure tempor dolor cillum proident cupidatat.', '2024-02-16T03:35:36'),
  (17, 15, 'Magna quasi cillum fugiat adipiscing amet voluptas rerum adipiscing doloremque exercitation.', 'totam-excepteur-rerum', 'Magna tempor nulla commodo doloremque adipiscing occaecat veniam ex. Veniam sit sint fugiat culpa sit proident enim duis aliquip commodo totam. Labore culpa doloremque minim quis sunt amet aliquip commodo voluptate.', '2025-07-16T14:47:42'),
  (18, 11, 'Laborum enim magna sunt inventore voluptate rerum nisi.', 'aliquip-cupidatat-ipsum', 'Duis non sed reprehenderit reprehenderit amet laboris quasi doloremque elit laborum accusantium. Commodo occaecat officia aute quasi non aliquip. Incididunt do non proident rerum duis elit ex dolore. Veritatis exercitation dolore lorem duis amet inventore accusantium vitae sed velit anim. Exercitation ipsum non amet labore dolor sint reprehenderit sint voluptas duis aliqua.', '2024-12-09T09:30:27'),
  (19, 5, 'Accusantium ipsum officia fugiat nostrud sit.', 'anim-beatae-exercitation', 'Minim consectetur proident commodo voluptas sed mollit. Veniam ex sed consequat doloremque lorem velit lorem laborum deserunt. Sunt ipsum nostrud rerum esse.', '2024-01-25T11:03:56'),
  (20, 3, 'Do ipsum eiusmod incididunt quis.', 'nisi-dolore-do', 'Consequat do minim do consequat natus vitae. Cillum rerum totam sunt vitae tempor irure. Qui consectetur ex ipsum quasi adipiscing irure eiusmod ex cillum occaecat culpa. Nisi enim commodo doloremque do veniam architecto nulla excepteur occaecat ex.', '2024-04-14T19:24:29');

SET session_replication_role = 'origin';
COMMIT;
BEGIN;
SET session_replication_role = 'replica';

INSERT INTO "comments" ("id", "post_id", "user_id", "content", "created_at") VALUES
  (1, 7, 13, 'Sit magna fugiat nostrud do. Tempor enim veniam aperiam enim laboris.', '2025-11-04T03:39:01'),
  (2, 11, 13, 'Veniam magna qui ipsum architecto architecto vitae ex beatae proident vitae. Voluptas excepteur elit eiusmod aute aperiam elit. Adipiscing consectetur beatae sunt labore commodo. Lorem aliqua qui sunt voluptate amet. Aliqua aperiam nulla duis vitae ex.', '2025-12-24T00:02:53'),
  (3, 11, 1, 'Duis mollit qui deserunt laborum nulla est non aute. Aperiam architecto irure natus fugiat qui ex consectetur aperiam duis velit.', '2024-08-21T11:36:48'),
  (4, 14, 15, 'Minim consectetur proident velit fugiat vitae esse totam esse amet est veritatis. Lorem commodo deserunt cupidatat qui aliqua consequat ullamco. Sint vitae sint inventore officia duis adipiscing aliquip mollit cupidatat.', '2024-12-03T01:35:03'),
  (5, 7, 3, 'Sed enim elit labore vitae duis ullamco natus irure inventore officia. Anim vitae enim vitae duis non veniam magna. Voluptas pariatur architecto commodo officia lorem. Beatae aliquip veniam nostrud qui fugiat ullamco ullamco enim. Aliquip consequat nisi consectetur labore reprehenderit ex excepteur.', '2025-12-26T11:01:21'),
  (6, 8, 7, 'Aperiam aliqua tempor fugiat inventore accusantium quis doloremque esse. Duis non duis voluptas veniam quasi labore adipiscing magna velit consequat esse. Lorem minim aperiam lorem nulla voluptas commodo pariatur minim cillum amet inventore. Eiusmod anim accusantium aperiam non.', '2024-07-28T17:46:52'),
  (7, 19, 12, 'Deserunt excepteur minim anim officia do exercitation dolore adipiscing. Elit veritatis labore beatae exercitation sunt elit sed totam. Lorem aliqua laborum sed velit exercitation cillum. Aliquip dolore adipiscing architecto nisi pariatur magna sed.', '2024-10-15T13:56:21'),
  (8, 3, 10, 'Doloremque voluptate do proident lorem. Consequat laborum aperiam amet nostrud velit reprehenderit. Reprehenderit eiusmod inventore excepteur reprehenderit. Culpa incididunt nisi nulla aute voluptate labore.', '2024-09-02T19:43:09'),
  (9, 17, 10, 'Totam quis esse adipiscing labore ipsum. Esse enim beatae excepteur qui. Incididunt occaecat incididunt incididunt amet veniam dolor.', '2025-08-23T17:38:30'),
  (10, 19, 19, 'Beatae natus aute aute veritatis. Irure lorem vitae sed vitae quis ullamco inventore. Quasi officia laborum eiusmod mollit reprehenderit officia amet.', '2024-03-07T18:43:16'),
  (11, 3, 3, 'Vitae cupidatat laboris irure officia sit consectetur fugiat veritatis nisi culpa. Anim adipiscing doloremque sed sunt do est cillum. Labore dolore commodo veritatis nostrud. Consectetur sit laboris esse cupidatat magna aute enim inventore. Voluptas ex consequat exercitation fugiat incididunt non exercitation qui commodo dolore.', '2025-07-15T21:27:43'),
  (12, 10, 16, 'Voluptate sunt laborum laborum vitae quasi laboris dolor dolore exercitation accusantium. Dolore aliqua aperiam enim veniam consectetur veniam nulla amet qui consectetur vitae.', '2024-01-18T19:32:30'),
  (13, 5, 5, 'Excepteur duis cupidatat voluptate dolor. Voluptas eiusmod lorem laboris occaecat quis quis aperiam. Deserunt irure non beatae nulla veritatis sint non irure. Commodo fugiat magna doloremque aliqua sit nulla minim beatae pariatur ullamco. Dolor laboris voluptate officia consequat voluptate.', '2024-04-23T02:00:31'),
  (14, 10, 5, 'Sunt incididunt qui cillum laborum accusantium do. Consectetur cupidatat lorem anim nisi sunt nisi rerum commodo quis nostrud. Reprehenderit rerum veniam architecto sunt voluptate lorem esse. Amet culpa inventore veritatis commodo sint ex cillum non.', '2025-06-21T15:49:32'),
  (15, 15, 17, 'Voluptas natus doloremque consectetur ullamco cupidatat. Nulla inventore est aliquip ullamco est fugiat anim velit duis rerum. Laboris pariatur amet commodo veniam aperiam sit nulla voluptate tempor consectetur nostrud. Deserunt officia quis lorem sunt voluptate dolore.', '2024-08-20T08:20:44'),
  (16, 12, 18, 'Commodo sit mollit rerum officia elit eiusmod reprehenderit eiusmod dolore. Beatae consectetur deserunt ipsum non proident eiusmod est ex. Inventore doloremque reprehenderit voluptate anim. Magna sed lorem sit pariatur adipiscing sunt pariatur. Aliquip rerum est cupidatat sint.', '2025-10-24T20:39:50'),
  (17, 11, 6, 'Rerum excepteur veniam dolor amet aute nisi voluptas inventore anim aliqua cupidatat. Excepteur dolor esse beatae rerum accusantium qui totam dolor incididunt.', '2025-02-02T03:34:28'),
  (18, 4, 1, 'Consequat quis lorem qui enim lorem cillum consequat reprehenderit. Consequat nulla velit dolor labore rerum. Incididunt aliquip occaecat occaecat rerum. Non sit excepteur dolore tempor aperiam dolore veritatis occaecat ipsum enim. Reprehenderit quis totam elit velit consequat do nostrud voluptate inventore.', '2024-04-19T16:23:24'),
  (19, 10, 18, 'Nostrud eiusmod sed beatae doloremque ex anim eiusmod veritatis non veritatis. Voluptas sint ipsum sunt amet ex culpa voluptate. Aperiam excepteur amet aliquip amet dolore beatae non quasi labore fugiat laborum. Inventore aperiam veniam totam est ex. Pariatur cupidatat aliquip do reprehenderit veritatis ullamco sunt velit aperiam cupidatat laborum.', '2025-08-27T15:52:29'),
  (20, 8, 9, 'Cillum quasi non doloremque dolore proident nisi sed sit cupidatat sit aliqua. Esse ex consequat officia sint anim veritatis rerum minim minim consequat. Ipsum accusantium voluptas vitae mollit natus quis consequat pariatur sed natus.', '2025-11-24T04:11:24');

SET session_replication_role = 'origin';
COMMIT;
